epoch,accuracy
0,0.17307692307692307
1,0.14423076923076922
2,0.16346153846153846
3,0.17307692307692307
4,0.21153846153846154
5,0.21153846153846154
6,0.1346153846153846
7,0.125
8,0.22115384615384615
9,0.21153846153846154
